epoch,time,train/box_loss,train/cls_loss,train/l1_loss,train/dhcd_loss,metrics/precision(B),metrics/recall(B),metrics/mAP50(B),metrics/mAP50-95(B),val/box_loss,val/cls_loss,val/l1_loss,val/dhcd_loss,lr/pg0,lr/pg1,lr/pg2,lr/pg3,lr/pg4,lr/pg5,lr/pg6,lr/pg7
1,71.9682,2.44184,3.10607,0.00368,0.1527,0.33017,0.18553,0.13959,0.06957,2.26977,2.09539,0.00429,0.15728,0.00997531,0.0033251,0.00997531,0.0033251,0.00997531,0.0033251,0.00997531,0.0033251
2,129.399,2.35784,2.10138,0.00324,0.15589,0.28983,0.22206,0.18771,0.09727,2.2142,1.93049,0.00402,0.15802,0.0197776,0.00659252,0.0197776,0.00659252,0.0197776,0.00659252,0.0197776,0.00659252
3,188.98,2.35421,1.97783,0.00318,0.15432,0.28706,0.24761,0.19661,0.10032,2.22681,2.12735,0.00401,0.1573,0.0293818,0.00979393,0.0293818,0.00979393,0.0293818,0.00979393,0.0293818,0.00979393
4,247.608,2.32941,1.89928,0.00314,0.1582,0.33849,0.24436,0.21893,0.11422,2.21902,1.79712,0.00402,0.16601,0.029109,0.009703,0.029109,0.009703,0.029109,0.009703,0.029109,0.009703
5,306.341,2.29883,1.82731,0.00308,0.16163,0.32718,0.2602,0.22188,0.11542,2.20597,1.76724,0.00393,0.16476,0.028812,0.009604,0.028812,0.009604,0.028812,0.009604,0.028812,0.009604
6,364.887,2.295,1.78415,0.00303,0.16477,0.35081,0.27201,0.24029,0.12452,2.1735,1.72365,0.00394,0.17234,0.028515,0.009505,0.028515,0.009505,0.028515,0.009505,0.028515,0.009505
7,423.324,2.27386,1.75489,0.003,0.16681,0.3321,0.28156,0.24076,0.12708,2.16705,1.72036,0.00385,0.16375,0.028218,0.009406,0.028218,0.009406,0.028218,0.009406,0.028218,0.009406
8,485.196,2.25471,1.72157,0.00295,0.17045,0.36456,0.27967,0.25151,0.13033,2.21412,1.74999,0.00387,0.15925,0.027921,0.009307,0.027921,0.009307,0.027921,0.009307,0.027921,0.009307
9,544.929,2.23791,1.69757,0.00293,0.17259,0.35829,0.29003,0.25738,0.13539,2.1102,1.66482,0.00373,0.16932,0.027624,0.009208,0.027624,0.009208,0.027624,0.009208,0.027624,0.009208
10,601.92,2.23634,1.68124,0.00288,0.17323,0.36464,0.29729,0.26335,0.13805,2.09294,1.64436,0.0037,0.17689,0.027327,0.009109,0.027327,0.009109,0.027327,0.009109,0.027327,0.009109
11,658.451,2.21354,1.66231,0.00287,0.17654,0.36562,0.2928,0.26142,0.13818,2.10539,1.66626,0.00374,0.17074,0.02703,0.00901,0.02703,0.00901,0.02703,0.00901,0.02703,0.00901
12,717.948,2.20999,1.65247,0.00286,0.17782,0.38279,0.29798,0.26885,0.14166,2.09922,1.63569,0.00372,0.17467,0.026733,0.008911,0.026733,0.008911,0.026733,0.008911,0.026733,0.008911
13,773.919,2.19872,1.6359,0.00286,0.17947,0.39559,0.29516,0.27013,0.14447,2.08068,1.66049,0.00368,0.17541,0.026436,0.008812,0.026436,0.008812,0.026436,0.008812,0.026436,0.008812
14,830.368,2.19211,1.63441,0.00282,0.18174,0.39184,0.30692,0.27698,0.14768,2.08874,1.61515,0.00367,0.17251,0.026139,0.008713,0.026139,0.008713,0.026139,0.008713,0.026139,0.008713
15,887.944,2.20375,1.62224,0.0028,0.18053,0.39069,0.31417,0.28539,0.15079,2.07278,1.60931,0.00364,0.18409,0.025842,0.008614,0.025842,0.008614,0.025842,0.008614,0.025842,0.008614
16,944.488,2.1889,1.61062,0.00281,0.18261,0.39435,0.2964,0.27776,0.14626,2.09896,1.63031,0.00367,0.17317,0.025545,0.008515,0.025545,0.008515,0.025545,0.008515,0.025545,0.008515
17,1004.78,2.18618,1.60363,0.00277,0.18345,0.40529,0.30792,0.28471,0.1519,2.08271,1.62633,0.00366,0.17093,0.025248,0.008416,0.025248,0.008416,0.025248,0.008416,0.025248,0.008416
18,1064.65,2.18303,1.59109,0.00278,0.18527,0.39527,0.30474,0.28729,0.15433,2.0616,1.58123,0.00362,0.18317,0.024951,0.008317,0.024951,0.008317,0.024951,0.008317,0.024951,0.008317
19,1123.26,2.16342,1.5839,0.00277,0.18717,0.40866,0.3116,0.29089,0.15622,2.06679,1.60366,0.00361,0.17846,0.024654,0.008218,0.024654,0.008218,0.024654,0.008218,0.024654,0.008218
20,1181.8,2.16249,1.57348,0.00275,0.18835,0.41016,0.31526,0.29269,0.1547,2.06977,1.58065,0.00363,0.18249,0.024357,0.008119,0.024357,0.008119,0.024357,0.008119,0.024357,0.008119
21,1240.74,2.15663,1.56836,0.00274,0.18895,0.4148,0.31863,0.2947,0.15534,2.05726,1.56426,0.00365,0.19009,0.02406,0.00802,0.02406,0.00802,0.02406,0.00802,0.02406,0.00802
22,1299.92,2.15685,1.56279,0.00273,0.19,0.40713,0.30754,0.28877,0.1558,2.04527,1.58139,0.00358,0.17843,0.023763,0.007921,0.023763,0.007921,0.023763,0.007921,0.023763,0.007921
23,1358.2,2.14259,1.55549,0.00274,0.19069,0.41057,0.31456,0.29383,0.15752,2.05941,1.57585,0.0036,0.18347,0.023466,0.007822,0.023466,0.007822,0.023466,0.007822,0.023466,0.007822
24,1417.36,2.14487,1.54555,0.00271,0.19221,0.41101,0.31236,0.2931,0.15891,2.05835,1.56229,0.00358,0.18737,0.023169,0.007723,0.023169,0.007723,0.023169,0.007723,0.023169,0.007723
25,1476.2,2.13909,1.53685,0.00271,0.19317,0.42544,0.30171,0.29071,0.15613,2.0582,1.57736,0.00361,0.17958,0.022872,0.007624,0.022872,0.007624,0.022872,0.007624,0.022872,0.007624
26,1534.8,2.14604,1.54231,0.00272,0.19223,0.417,0.31274,0.29882,0.16229,2.03721,1.53881,0.00356,0.19463,0.022575,0.007525,0.022575,0.007525,0.022575,0.007525,0.022575,0.007525
27,1593.39,2.1377,1.53027,0.00267,0.1944,0.41716,0.32556,0.30158,0.16234,2.03773,1.55771,0.00357,0.19125,0.022278,0.007426,0.022278,0.007426,0.022278,0.007426,0.022278,0.007426
28,1656.13,2.13293,1.52388,0.00266,0.19557,0.40151,0.32646,0.30259,0.1627,2.05695,1.54387,0.00357,0.19047,0.021981,0.007327,0.021981,0.007327,0.021981,0.007327,0.021981,0.007327
29,1716.16,2.12937,1.51992,0.00266,0.19621,0.40802,0.31623,0.29678,0.16047,2.07704,1.56378,0.0036,0.19526,0.021684,0.007228,0.021684,0.007228,0.021684,0.007228,0.021684,0.007228
30,1776.43,2.13627,1.51321,0.00266,0.19635,0.4101,0.33036,0.3041,0.1656,2.01996,1.52051,0.00351,0.19374,0.021387,0.007129,0.021387,0.007129,0.021387,0.007129,0.021387,0.007129
31,1836.37,2.12897,1.51473,0.00267,0.19822,0.42568,0.3163,0.30637,0.16568,2.03883,1.53001,0.00353,0.19785,0.02109,0.00703,0.02109,0.00703,0.02109,0.00703,0.02109,0.00703
32,1895.56,2.12982,1.50588,0.00265,0.19858,0.42973,0.32255,0.30704,0.16534,2.02468,1.52224,0.00355,0.19485,0.020793,0.006931,0.020793,0.006931,0.020793,0.006931,0.020793,0.006931
33,1954.18,2.12484,1.50742,0.00267,0.19918,0.41933,0.31972,0.30312,0.16428,2.02514,1.53574,0.00352,0.19445,0.020496,0.006832,0.020496,0.006832,0.020496,0.006832,0.020496,0.006832
34,2013.58,2.12159,1.50168,0.00264,0.20011,0.43093,0.32629,0.31212,0.1674,2.02797,1.51193,0.00353,0.19579,0.020199,0.006733,0.020199,0.006733,0.020199,0.006733,0.020199,0.006733
35,2073.98,2.11702,1.49361,0.00263,0.20138,0.42797,0.3267,0.31143,0.16808,2.01878,1.51935,0.0035,0.19458,0.019902,0.006634,0.019902,0.006634,0.019902,0.006634,0.019902,0.006634
36,2132.35,2.10631,1.48447,0.00264,0.20235,0.4336,0.32322,0.30824,0.16652,2.02144,1.52114,0.00349,0.19493,0.019605,0.006535,0.019605,0.006535,0.019605,0.006535,0.019605,0.006535
37,2190.97,2.10705,1.48141,0.00263,0.20375,0.4426,0.32187,0.31107,0.16829,2.01205,1.50885,0.00349,0.20027,0.019308,0.006436,0.019308,0.006436,0.019308,0.006436,0.019308,0.006436
38,2249.85,2.10901,1.48377,0.00262,0.20231,0.4358,0.32837,0.31166,0.16907,2.02742,1.51369,0.00349,0.19856,0.019011,0.006337,0.019011,0.006337,0.019011,0.006337,0.019011,0.006337
39,2308.74,2.1096,1.4693,0.0026,0.20408,0.42711,0.33324,0.31487,0.17047,2.00474,1.50951,0.00346,0.19261,0.018714,0.006238,0.018714,0.006238,0.018714,0.006238,0.018714,0.006238
40,2370.78,2.10342,1.47225,0.00261,0.2049,0.43889,0.33468,0.31581,0.17156,1.98688,1.50473,0.00344,0.19741,0.018417,0.006139,0.018417,0.006139,0.018417,0.006139,0.018417,0.006139
41,2432.87,2.09125,1.45939,0.0026,0.20642,0.44264,0.33067,0.32171,0.17483,1.99334,1.49158,0.00345,0.20344,0.01812,0.00604,0.01812,0.00604,0.01812,0.00604,0.01812,0.00604
42,2494.73,2.09397,1.46312,0.0026,0.20692,0.44834,0.32903,0.32202,0.17597,2.00315,1.49856,0.00346,0.20224,0.017823,0.005941,0.017823,0.005941,0.017823,0.005941,0.017823,0.005941
43,2556.91,2.10307,1.46737,0.00258,0.20573,0.43154,0.33523,0.31755,0.17303,2.00132,1.50311,0.00346,0.19728,0.017526,0.005842,0.017526,0.005842,0.017526,0.005842,0.017526,0.005842
44,2620.66,2.09092,1.45084,0.00258,0.20776,0.43297,0.33784,0.31747,0.17308,1.99497,1.50611,0.00345,0.19898,0.017229,0.005743,0.017229,0.005743,0.017229,0.005743,0.017229,0.005743
45,2681.74,2.09101,1.45046,0.00258,0.20971,0.43698,0.33411,0.31868,0.17304,2.00241,1.4966,0.00345,0.20389,0.016932,0.005644,0.016932,0.005644,0.016932,0.005644,0.016932,0.005644
46,2740.34,2.08704,1.44364,0.00258,0.20873,0.44675,0.33739,0.32239,0.17537,1.9938,1.4841,0.00344,0.20124,0.016635,0.005545,0.016635,0.005545,0.016635,0.005545,0.016635,0.005545
47,2797.53,2.08109,1.44233,0.00257,0.21035,0.44582,0.32984,0.31954,0.17443,1.99174,1.49307,0.00342,0.20544,0.016338,0.005446,0.016338,0.005446,0.016338,0.005446,0.016338,0.005446
48,2854.54,2.08604,1.4433,0.00256,0.21046,0.44491,0.338,0.32098,0.17482,1.98789,1.48773,0.00342,0.2011,0.016041,0.005347,0.016041,0.005347,0.016041,0.005347,0.016041,0.005347
49,2910.97,2.0805,1.43334,0.00255,0.21161,0.4484,0.34128,0.32677,0.17908,1.99031,1.47943,0.00342,0.20686,0.015744,0.005248,0.015744,0.005248,0.015744,0.005248,0.015744,0.005248
50,2967.93,2.07595,1.43529,0.00257,0.21258,0.45087,0.34113,0.32843,0.18011,1.9882,1.4795,0.00342,0.20512,0.015447,0.005149,0.015447,0.005149,0.015447,0.005149,0.015447,0.005149
51,3024.74,2.07255,1.43064,0.00254,0.21268,0.43809,0.34049,0.32174,0.17511,1.9868,1.48306,0.00342,0.20403,0.01515,0.00505,0.01515,0.00505,0.01515,0.00505,0.01515,0.00505
52,3081.52,2.06591,1.41986,0.00255,0.21378,0.44567,0.34353,0.32858,0.18124,1.97491,1.46705,0.00337,0.20685,0.014853,0.004951,0.014853,0.004951,0.014853,0.004951,0.014853,0.004951
53,3138.63,2.0685,1.42421,0.00254,0.21351,0.44639,0.33932,0.32412,0.17688,1.9824,1.47844,0.00341,0.20869,0.014556,0.004852,0.014556,0.004852,0.014556,0.004852,0.014556,0.004852
54,3195.54,2.06768,1.4261,0.00253,0.21409,0.4416,0.34512,0.32911,0.17968,1.97308,1.46924,0.00339,0.20843,0.014259,0.004753,0.014259,0.004753,0.014259,0.004753,0.014259,0.004753
55,3251.96,2.0505,1.41302,0.00254,0.21624,0.44828,0.33868,0.32692,0.17895,1.97766,1.46747,0.00339,0.20888,0.013962,0.004654,0.013962,0.004654,0.013962,0.004654,0.013962,0.004654
56,3309.06,2.0627,1.41129,0.00252,0.21519,0.44861,0.3411,0.32623,0.1788,1.98144,1.46608,0.0034,0.20996,0.013665,0.004555,0.013665,0.004555,0.013665,0.004555,0.013665,0.004555
57,3366.14,2.05669,1.41132,0.00252,0.21669,0.44878,0.33777,0.32568,0.17923,1.97119,1.47504,0.00339,0.20941,0.013368,0.004456,0.013368,0.004456,0.013368,0.004456,0.013368,0.004456
58,3422.75,2.04458,1.40135,0.00252,0.21836,0.46242,0.33601,0.32738,0.17908,1.97791,1.46791,0.00339,0.21039,0.013071,0.004357,0.013071,0.004357,0.013071,0.004357,0.013071,0.004357
59,3479.28,2.05497,1.40773,0.00251,0.21718,0.45536,0.33748,0.32826,0.17882,1.97041,1.46455,0.0034,0.21022,0.012774,0.004258,0.012774,0.004258,0.012774,0.004258,0.012774,0.004258
60,3536.13,2.04444,1.40091,0.0025,0.21751,0.44093,0.34212,0.32496,0.17754,1.97127,1.4661,0.00338,0.21316,0.012477,0.004159,0.012477,0.004159,0.012477,0.004159,0.012477,0.004159
61,3593.03,2.0405,1.39731,0.0025,0.21868,0.45531,0.33591,0.32784,0.18011,1.97169,1.47044,0.00338,0.20913,0.01218,0.00406,0.01218,0.00406,0.01218,0.00406,0.01218,0.00406
62,3649.97,2.04437,1.3963,0.00249,0.2189,0.44766,0.34149,0.32685,0.17904,1.97801,1.46486,0.00339,0.21463,0.011883,0.003961,0.011883,0.003961,0.011883,0.003961,0.011883,0.003961
63,3706.59,2.03439,1.38873,0.00249,0.22032,0.44393,0.34496,0.32844,0.17989,1.97684,1.46438,0.00339,0.21412,0.011586,0.003862,0.011586,0.003862,0.011586,0.003862,0.011586,0.003862
64,3763.45,2.03579,1.39216,0.00249,0.21965,0.44422,0.34473,0.3275,0.17956,1.97067,1.46694,0.00338,0.21071,0.011289,0.003763,0.011289,0.003763,0.011289,0.003763,0.011289,0.003763
65,3820.39,2.03718,1.38264,0.00248,0.22036,0.44811,0.34282,0.32954,0.18043,1.97003,1.46041,0.00337,0.21368,0.010992,0.003664,0.010992,0.003664,0.010992,0.003664,0.010992,0.003664
66,3877.33,2.03256,1.38413,0.00249,0.22064,0.45374,0.34083,0.32851,0.17952,1.97097,1.45966,0.00338,0.21384,0.010695,0.003565,0.010695,0.003565,0.010695,0.003565,0.010695,0.003565
67,3934.38,2.03582,1.37959,0.00247,0.22082,0.45708,0.34324,0.33026,0.18079,1.9651,1.45575,0.00337,0.2147,0.010398,0.003466,0.010398,0.003466,0.010398,0.003466,0.010398,0.003466
68,3990.92,2.03491,1.37628,0.00246,0.2217,0.45257,0.34899,0.33086,0.18106,1.97239,1.45829,0.00338,0.21508,0.010101,0.003367,0.010101,0.003367,0.010101,0.003367,0.010101,0.003367
69,4047.45,2.02089,1.37191,0.00247,0.22358,0.45805,0.3412,0.33022,0.18043,1.96993,1.45703,0.00338,0.21597,0.009804,0.003268,0.009804,0.003268,0.009804,0.003268,0.009804,0.003268
70,4104.3,2.01694,1.36769,0.00245,0.22386,0.44069,0.35017,0.3309,0.18089,1.96985,1.45763,0.00337,0.21318,0.009507,0.003169,0.009507,0.003169,0.009507,0.003169,0.009507,0.003169
71,4161.15,2.01917,1.36677,0.00245,0.22388,0.45168,0.34573,0.33071,0.18157,1.96769,1.46025,0.00336,0.21473,0.00921,0.00307,0.00921,0.00307,0.00921,0.00307,0.00921,0.00307
72,4217.78,2.02472,1.36974,0.00246,0.22374,0.45578,0.34176,0.32936,0.18056,1.96424,1.46044,0.00335,0.21489,0.008913,0.002971,0.008913,0.002971,0.008913,0.002971,0.008913,0.002971
73,4274.87,2.01703,1.35652,0.00245,0.22501,0.45644,0.34428,0.33238,0.18293,1.96451,1.45386,0.00335,0.21811,0.008616,0.002872,0.008616,0.002872,0.008616,0.002872,0.008616,0.002872
74,4332.05,2.03181,1.36486,0.00243,0.22323,0.46283,0.34056,0.33284,0.18319,1.9622,1.44905,0.00335,0.21654,0.008319,0.002773,0.008319,0.002773,0.008319,0.002773,0.008319,0.002773
75,4388.42,2.0006,1.35025,0.00243,0.22727,0.46277,0.34349,0.3329,0.183,1.96794,1.45175,0.00336,0.21981,0.008022,0.002674,0.008022,0.002674,0.008022,0.002674,0.008022,0.002674
76,4444.77,1.9958,1.34959,0.00245,0.22761,0.46534,0.33814,0.33121,0.183,1.96319,1.45143,0.00335,0.21974,0.007725,0.002575,0.007725,0.002575,0.007725,0.002575,0.007725,0.002575
77,4501.43,2.00648,1.35302,0.00242,0.22657,0.45968,0.34398,0.33258,0.18427,1.95659,1.45231,0.00333,0.21878,0.007428,0.002476,0.007428,0.002476,0.007428,0.002476,0.007428,0.002476
78,4558.72,2.00728,1.35143,0.00243,0.22651,0.46306,0.342,0.33295,0.18397,1.96088,1.45144,0.00334,0.21931,0.007131,0.002377,0.007131,0.002377,0.007131,0.002377,0.007131,0.002377
79,4615.27,1.99533,1.33819,0.00242,0.22882,0.45732,0.34574,0.33301,0.18322,1.96412,1.4526,0.00335,0.21908,0.006834,0.002278,0.006834,0.002278,0.006834,0.002278,0.006834,0.002278
80,4672.43,2.00458,1.34583,0.00242,0.22732,0.45859,0.34208,0.33224,0.18323,1.96305,1.45126,0.00335,0.22011,0.006537,0.002179,0.006537,0.002179,0.006537,0.002179,0.006537,0.002179
81,4730.07,2.00318,1.34026,0.00242,0.22943,0.46292,0.34066,0.33218,0.18314,1.96389,1.45114,0.00335,0.21953,0.00624,0.00208,0.00624,0.00208,0.00624,0.00208,0.00624,0.00208
82,4787.62,2.00146,1.33799,0.0024,0.2287,0.45994,0.34654,0.33403,0.18376,1.96425,1.44748,0.00335,0.22089,0.005943,0.001981,0.005943,0.001981,0.005943,0.001981,0.005943,0.001981
83,4843.4,1.98928,1.33308,0.0024,0.23053,0.46594,0.33917,0.33262,0.18351,1.96245,1.44859,0.00335,0.22131,0.005646,0.001882,0.005646,0.001882,0.005646,0.001882,0.005646,0.001882
84,4897.87,1.99081,1.33463,0.0024,0.23011,0.45892,0.3439,0.33348,0.18342,1.96188,1.44621,0.00334,0.22179,0.005349,0.001783,0.005349,0.001783,0.005349,0.001783,0.005349,0.001783
85,4953.44,1.99695,1.33441,0.0024,0.23017,0.4713,0.33893,0.33287,0.18251,1.95888,1.44795,0.00334,0.22151,0.005052,0.001684,0.005052,0.001684,0.005052,0.001684,0.005052,0.001684
86,5008.62,1.98514,1.32673,0.00239,0.23057,0.46365,0.34152,0.33335,0.18303,1.96108,1.44587,0.00334,0.22193,0.004755,0.001585,0.004755,0.001585,0.004755,0.001585,0.004755,0.001585
87,5063.55,1.98618,1.32561,0.00237,0.23209,0.45641,0.34534,0.33266,0.18222,1.96055,1.44849,0.00333,0.22184,0.004458,0.001486,0.004458,0.001486,0.004458,0.001486,0.004458,0.001486
88,5118.43,1.97953,1.31807,0.00237,0.23305,0.46617,0.34198,0.33306,0.18176,1.96134,1.44735,0.00333,0.22301,0.004161,0.001387,0.004161,0.001387,0.004161,0.001387,0.004161,0.001387
89,5173.65,1.98802,1.32641,0.00238,0.23149,0.4679,0.34363,0.33229,0.18214,1.96111,1.44847,0.00333,0.2232,0.003864,0.001288,0.003864,0.001288,0.003864,0.001288,0.003864,0.001288
90,5228.92,1.98131,1.32001,0.00238,0.23178,0.47017,0.34195,0.33204,0.18289,1.95884,1.44466,0.00334,0.2236,0.003567,0.001189,0.003567,0.001189,0.003567,0.001189,0.003567,0.001189
91,5277.47,1.91396,1.29203,0.00248,0.24037,0.46563,0.3416,0.32974,0.18213,1.96216,1.45319,0.00335,0.22314,0.00327,0.00109,0.00327,0.00109,0.00327,0.00109,0.00327,0.00109
92,5325.22,1.89971,1.26907,0.00244,0.24176,0.46287,0.34114,0.32828,0.18141,1.96198,1.45198,0.00335,0.2243,0.002973,0.000991,0.002973,0.000991,0.002973,0.000991,0.002973,0.000991
93,5373.31,1.89804,1.26279,0.00243,0.24344,0.45987,0.34151,0.3283,0.18105,1.96251,1.45091,0.00336,0.22587,0.002676,0.000892,0.002676,0.000892,0.002676,0.000892,0.002676,0.000892
94,5421.31,1.89615,1.26,0.00244,0.24409,0.45283,0.34626,0.3285,0.18147,1.96279,1.44774,0.00335,0.22681,0.002379,0.000793,0.002379,0.000793,0.002379,0.000793,0.002379,0.000793
95,5469.27,1.89062,1.25721,0.00243,0.24395,0.451,0.34519,0.32821,0.18113,1.96471,1.44632,0.00336,0.22725,0.002082,0.000694,0.002082,0.000694,0.002082,0.000694,0.002082,0.000694
96,5517.37,1.88931,1.25157,0.00241,0.24556,0.44993,0.34719,0.32839,0.18092,1.9641,1.445,0.00335,0.22807,0.001785,0.000595,0.001785,0.000595,0.001785,0.000595,0.001785,0.000595
97,5565.43,1.88535,1.24898,0.00242,0.24607,0.44817,0.34714,0.32781,0.18085,1.96281,1.44753,0.00335,0.22878,0.001488,0.000496,0.001488,0.000496,0.001488,0.000496,0.001488,0.000496
98,5613.33,1.88295,1.2454,0.00241,0.2456,0.45075,0.3465,0.32846,0.18105,1.96268,1.44732,0.00335,0.2286,0.001191,0.000397,0.001191,0.000397,0.001191,0.000397,0.001191,0.000397
99,5661.04,1.8836,1.24582,0.0024,0.24582,0.44892,0.34584,0.32844,0.18096,1.96161,1.44804,0.00335,0.22883,0.000894,0.000298,0.000894,0.000298,0.000894,0.000298,0.000894,0.000298
100,5708.98,1.87976,1.24002,0.00241,0.24633,0.45589,0.34263,0.32834,0.18092,1.96299,1.44709,0.00335,0.2292,0.000597,0.000199,0.000597,0.000199,0.000597,0.000199,0.000597,0.000199
